Name, Age, Occupation, City
John Doe, 29, Engineer, New York
Jane Smith, 34, Designer, Los Angeles
Alice Johnson, 25, Developer, San Francisco
Bob Brown, 40, Manager, Chicago
Eve Davis, 22, Intern, Seattle
John Doe, 29, Engineer, New York
Jane Smith, 34, Designer, Los Angeles
Alice Johnson, 25, Developer, San Francisco
Bob Brown, 40, Manager, Chicago
Eve Davis, 22, Intern, Seattle
John Doe, 29, Engineer, New York
Jane Smith, 34, Designer, Los Angeles
Alice Johnson, 25, Developer, San Francisco
Bob Brown, 40, Manager, Chicago
Eve Davis, 22, Intern, Seattle
John Doe, 29, Engineer, New York
Jane Smith, 34, Designer, Los Angeles
Alice Johnson, 25, Developer, San Francisco
Bob Brown, 40, Manager, Chicago
Eve Davis, 22, Intern, Seattle
John Doe, 29, Engineer, New York
Jane Smith, 34, Designer, Los Angeles
Alice Johnson, 25, Developer, San Francisco
Bob Brown, 40, Manager, Chicago
Eve Davis, 22, Intern, Seattle
John Doe, 29, Engineer, New York
Jane Smith, 34, Designer, Los Angeles
Alice Johnson, 25, Developer, San Francisco
Bob Brown, 40, Manager, Chicago
Eve Davis, 22, Intern, Seattle
John Doe, 29, Engineer, New York
Jane Smith, 34, Designer, Los Angeles
Alice Johnson, 25, Developer, San Francisco
Bob Brown, 40, Manager, Chicago
Eve Davis, 22, Intern, Seattle
John Doe, 29, Engineer, New York
Jane Smith, 34, Designer, Los Angeles
Alice Johnson, 25, Developer, San Francisco
Bob Brown, 40, Manager, Chicago
Eve Davis, 22, Intern, Seattle
John Doe, 29, Engineer, New York
Jane Smith, 34, Designer, Los Angeles
Alice Johnson, 25, Developer, San Francisco
Bob Brown, 40, Manager, Chicago
Eve Davis, 22, Intern, Seattle
John Doe, 29, Engineer, New York
Jane Smith, 34, Designer, Los Angeles
Alice Johnson, 25, Developer, San Francisco
Bob Brown, 40, Manager, Chicago
Eve Davis, 22, Intern, Seattle
John Doe, 29, Engineer, New York
Jane Smith, 34, Designer, Los Angeles
Alice Johnson, 25, Developer, San Francisco
Bob Brown, 40, Manager, Chicago
Eve Davis, 22, Intern, Seattle
John Doe, 29, Engineer, New York
Jane Smith, 34, Designer, Los Angeles
Alice Johnson, 25, Developer, San Francisco
Bob Brown, 40, Manager, Chicago
Eve Davis, 22, Intern, Seattle
John Doe, 29, Engineer, New York
Jane Smith, 34, Designer, Los Angeles
Alice Johnson, 25, Developer, San Francisco
Bob Brown, 40, Manager, Chicago
Eve Davis, 22, Intern, Seattle
John Doe, 29, Engineer, New York
Jane Smith, 34, Designer, Los Angeles
Alice Johnson, 25, Developer, San Francisco
Bob Brown, 40, Manager, Chicago
Eve Davis, 22, Intern, Seattle
John Doe, 29, Engineer, New York
Jane Smith, 34, Designer, Los Angeles
Alice Johnson, 25, Developer, San Francisco
Bob Brown, 40, Manager, Chicago
Eve Davis, 22, Intern, Seattle
John Doe, 29, Engineer, New York
Jane Smith, 34, Designer, Los Angeles
Alice Johnson, 25, Developer, San Francisco
Bob Brown, 40, Manager, Chicago
Eve Davis, 22, Intern, Seattle
John Doe, 29, Engineer, New York
Jane Smith, 34, Designer, Los Angeles
Alice Johnson, 25, Developer, San Francisco
Bob Brown, 40, Manager, Chicago
Eve Davis, 22, Intern, Seattle
John Doe, 29, Engineer, New York
Jane Smith, 34, Designer, Los Angeles
Alice Johnson, 25, Developer, San Francisco
Bob Brown, 40, Manager, Chicago
Eve Davis, 22, Intern, Seattle
John Doe, 29, Engineer, New York
Jane Smith, 34, Designer, Los Angeles
Alice Johnson, 25, Developer, San Francisco
Bob Brown, 40, Manager, Chicago
Eve Davis, 22, Intern, Seattle
John Doe, 29, Engineer, New York
Jane Smith, 34, Designer, Los Angeles
Alice Johnson, 25, Developer, San Francisco
Bob Brown, 40, Manager, Chicago
Eve Davis, 22, Intern, Seattle
John Doe, 29, Engineer, New York
Jane Smith, 34, Designer, Los Angeles
Alice Johnson, 25, Developer, San Francisco
Bob Brown, 40, Manager, Chicago
Eve Davis, 22, Intern, Seattle
John Doe, 29, Engineer, New York
Jane Smith, 34, Designer, Los Angeles
Alice Johnson, 25, Developer, San Francisco
Bob Brown, 40, Manager, Chicago
Eve Davis, 22, Intern, Seattle
John Doe, 29, Engineer, New York
Jane Smith, 34, Designer, Los Angeles
Alice Johnson, 25, Developer, San Francisco
Bob Brown, 40, Manager, Chicago
Eve Davis, 22, Intern, Seattle
John Doe, 29, Engineer, New York
Jane Smith, 34, Designer, Los Angeles
Alice Johnson, 25, Developer, San Francisco
Bob Brown, 40, Manager, Chicago
Eve Davis, 22, Intern, Seattle
John Doe, 29, Engineer, New York
Jane Smith, 34, Designer, Los Angeles
Alice Johnson, 25, Developer, San Francisco
Bob Brown, 40, Manager, Chicago
Eve Davis, 22, Intern, Seattle
John Doe, 29, Engineer, New York
Jane Smith, 34, Designer, Los Angeles
Alice Johnson, 25, Developer, San Francisco
Bob Brown, 40, Manager, Chicago
Eve Davis, 22, Intern, Seattle
John Doe, 29, Engineer, New York
Jane Smith, 34, Designer, Los Angeles
Alice Johnson, 25, Developer, San Francisco
Bob Brown, 40, Manager, Chicago
Eve Davis, 22, Intern, Seattle
John Doe, 29, Engineer, New York
Jane Smith, 34, Designer, Los Angeles
Alice Johnson, 25, Developer, San Francisco
Bob Brown, 40, Manager, Chicago
Eve Davis, 22, Intern, Seattle
John Doe, 29, Engineer, New York
Jane Smith, 34, Designer, Los Angeles
Alice Johnson, 25, Developer, San Francisco
Bob Brown, 40, Manager, Chicago
Eve Davis, 22, Intern, Seattle
John Doe, 29, Engineer, New York
Jane Smith, 34, Designer, Los Angeles
Alice Johnson, 25, Developer, San Francisco
Bob Brown, 40, Manager, Chicago
Eve Davis, 22, Intern, Seattle
John Doe, 29, Engineer, New York
Jane Smith, 34, Designer, Los Angeles
Alice Johnson, 25, Developer, San Francisco
Bob Brown, 40, Manager, Chicago
Eve Davis, 22, Intern, Seattle
John Doe, 29, Engineer, New York
Jane Smith, 34, Designer, Los Angeles
Alice Johnson, 25, Developer, San Francisco
Bob Brown, 40, Manager, Chicago
Eve Davis, 22, Intern, Seattle
John Doe, 29, Engineer, New York
Jane Smith, 34, Designer, Los Angeles
Alice Johnson, 25, Developer, San Francisco
Bob Brown, 40, Manager, Chicago
Eve Davis, 22, Intern, Seattle
John Doe, 29, Engineer, New York
Jane Smith, 34, Designer, Los Angeles
Alice Johnson, 25, Developer, San Francisco
Bob Brown, 40, Manager, Chicago
Eve Davis, 22, Intern, Seattle
John Doe, 29, Engineer, New York
Jane Smith, 34, Designer, Los Angeles
Alice Johnson, 25, Developer, San Francisco
Bob Brown, 40, Manager, Chicago
Eve Davis, 22, Intern, Seattle
John Doe, 29, Engineer, New York
Jane Smith, 34, Designer, Los Angeles
Alice Johnson, 25, Developer, San Francisco
Bob Brown, 40, Manager, Chicago
Eve Davis, 22, Intern, Seattle
John Doe, 29, Engineer, New York
Jane Smith, 34, Designer, Los Angeles
Alice Johnson, 25, Developer, San Francisco
Bob Brown, 40, Manager, Chicago
Eve Davis, 22, Intern, Seattle
John Doe, 29, Engineer, New York
Jane Smith, 34, Designer, Los Angeles
Alice Johnson, 25, Developer, San Francisco
Bob Brown, 40, Manager, Chicago
Eve Davis, 22, Intern, Seattle
John Doe, 29, Engineer, New York
Jane Smith, 34, Designer, Los Angeles
Alice Johnson, 25, Developer, San Francisco
Bob Brown, 40, Manager, Chicago
Eve Davis, 22, Intern, Seattle
John Doe, 29, Engineer, New York
Jane Smith, 34, Designer, Los Angeles
Alice Johnson, 25, Developer, San Francisco
Bob Brown, 40, Manager, Chicago
Eve Davis, 22, Intern, Seattle
John Doe, 29, Engineer, New York
Jane Smith, 34, Designer, Los Angeles
Alice Johnson, 25, Developer, San Francisco
Bob Brown, 40, Manager, Chicago
Eve Davis, 22, Intern, Seattle
John Doe, 29, Engineer, New York
Jane Smith, 34, Designer, Los Angeles
Alice Johnson, 25, Developer, San Francisco
Bob Brown, 40, Manager, Chicago
Eve Davis, 22, Intern, Seattle
John Doe, 29, Engineer, New York
Jane Smith, 34, Designer, Los Angeles
Alice Johnson, 25, Developer, San Francisco
Bob Brown, 40, Manager, Chicago
Eve Davis, 22, Intern, Seattle
John Doe, 29, Engineer, New York
Jane Smith, 34, Designer, Los Angeles
Alice Johnson, 25, Developer, San Francisco
Bob Brown, 40, Manager, Chicago
Eve Davis, 22, Intern, Seattle
John Doe, 29, Engineer, New York
Jane Smith, 34, Designer, Los Angeles
Alice Johnson, 25, Developer, San Francisco
Bob Brown, 40, Manager, Chicago
Eve Davis, 22, Intern, Seattle
John Doe, 29, Engineer, New York
Jane Smith, 34, Designer, Los Angeles
Alice Johnson, 25, Developer, San Francisco
Bob Brown, 40, Manager, Chicago
Eve Davis, 22, Intern, Seattle
John Doe, 29, Engineer, New York
Jane Smith, 34, Designer, Los Angeles
Alice Johnson, 25, Developer, San Francisco
Bob Brown, 40, Manager, Chicago
Eve Davis, 22, Intern, Seattle
John Doe, 29, Engineer, New York
Jane Smith, 34, Designer, Los Angeles
Alice Johnson, 25, Developer, San Francisco
Bob Brown, 40, Manager, Chicago
Eve Davis, 22, Intern, Seattle
John Doe, 29, Engineer, New York
Jane Smith, 34, Designer, Los Angeles
Alice Johnson, 25, Developer, San Francisco
Bob Brown, 40, Manager, Chicago
Eve Davis, 22, Intern, Seattle
John Doe, 29, Engineer, New York
Jane Smith, 34, Designer, Los Angeles
Alice Johnson, 25, Developer, San Francisco
Bob Brown, 40, Manager, Chicago
Eve Davis, 22, Intern, Seattle
John Doe, 29, Engineer, New York
Jane Smith, 34, Designer, Los Angeles
Alice Johnson, 25, Developer, San Francisco
Bob Brown, 40, Manager, Chicago
Eve Davis, 22, Intern, Seattle
John Doe, 29, Engineer, New York
Jane Smith, 34, Designer, Los Angeles
Alice Johnson, 25, Developer, San Francisco
Bob Brown, 40, Manager, Chicago
Eve Davis, 22, Intern, Seattle
John Doe, 29, Engineer, New York
Jane Smith, 34, Designer, Los Angeles
Alice Johnson, 25, Developer, San Francisco
Bob Brown, 40, Manager, Chicago
Eve Davis, 22, Intern, Seattle
John Doe, 29, Engineer, New York
Jane Smith, 34, Designer, Los Angeles
Alice Johnson, 25, Developer, San Francisco
Bob Brown, 40, Manager, Chicago
Eve Davis, 22, Intern, Seattle
John Doe, 29, Engineer, New York
Jane Smith, 34, Designer, Los Angeles
Alice Johnson, 25, Developer, San Francisco
Bob Brown, 40, Manager, Chicago
Eve Davis, 22, Intern, Seattle
John Doe, 29, Engineer, New York
Jane Smith, 34, Designer, Los Angeles
Alice Johnson, 25, Developer, San Francisco
Bob Brown, 40, Manager, Chicago
Eve Davis, 22, Intern, Seattle
John Doe, 29, Engineer, New York
Jane Smith, 34, Designer, Los Angeles
Alice Johnson, 25, Developer, San Francisco
Bob Brown, 40, Manager, Chicago
Eve Davis, 22, Intern, Seattle
John Doe, 29, Engineer, New York
Jane Smith, 34, Designer, Los Angeles
Alice Johnson, 25, Developer, San Francisco
Bob Brown, 40, Manager, Chicago
Eve Davis, 22, Intern, Seattle
John Doe, 29, Engineer, New York
Jane Smith, 34, Designer, Los Angeles
Alice Johnson, 25, Developer, San Francisco
Bob Brown, 40, Manager, Chicago
Eve Davis, 22, Intern, Seattle
John Doe, 29, Engineer, New York
Jane Smith, 34, Designer, Los Angeles
Alice Johnson, 25, Developer, San Francisco
Bob Brown, 40, Manager, Chicago
Eve Davis, 22, Intern, Seattle
John Doe, 29, Engineer, New York
Jane Smith, 34, Designer, Los Angeles
Alice Johnson, 25, Developer, San Francisco
Bob Brown, 40, Manager, Chicago
Eve Davis, 22, Intern, Seattle
John Doe, 29, Engineer, New York
Jane Smith, 34, Designer, Los Angeles
Alice Johnson, 25, Developer, San Francisco
Bob Brown, 40, Manager, Chicago
Eve Davis, 22, Intern, Seattle
John Doe, 29, Engineer, New York
Jane Smith, 34, Designer, Los Angeles
Alice Johnson, 25, Developer, San Francisco
Bob Brown, 40, Manager, Chicago
Eve Davis, 22, Intern, Seattle
John Doe, 29, Engineer, New York
Jane Smith, 34, Designer, Los Angeles
Alice Johnson, 25, Developer, San Francisco
Bob Brown, 40, Manager, Chicago
Eve Davis, 22, Intern, Seattle
John Doe, 29, Engineer, New York
Jane Smith, 34, Designer, Los Angeles
Alice Johnson, 25, Developer, San Francisco
Bob Brown, 40, Manager, Chicago
Eve Davis, 22, Intern, Seattle
John Doe, 29, Engineer, New York
Jane Smith, 34, Designer, Los Angeles
Alice Johnson, 25, Developer, San Francisco
Bob Brown, 40, Manager, Chicago
Eve Davis, 22, Intern, Seattle
John Doe, 29, Engineer, New York
Jane Smith, 34, Designer, Los Angeles
Alice Johnson, 25, Developer, San Francisco
Bob Brown, 40, Manager, Chicago
Eve Davis, 22, Intern, Seattle
John Doe, 29, Engineer, New York
Jane Smith, 34, Designer, Los Angeles
Alice Johnson, 25, Developer, San Francisco
Bob Brown, 40, Manager, Chicago
Eve Davis, 22, Intern, Seattle
John Doe, 29, Engineer, New York
Jane Smith, 34, Designer, Los Angeles
Alice Johnson, 25, Developer, San Francisco
Bob Brown, 40, Manager, Chicago
Eve Davis, 22, Intern, Seattle
John Doe, 29, Engineer, New York
Jane Smith, 34, Designer, Los Angeles
Alice Johnson, 25, Developer, San Francisco
Bob Brown, 40, Manager, Chicago
Eve Davis, 22, Intern, Seattle
John Doe, 29, Engineer, New York
Jane Smith, 34, Designer, Los Angeles
Alice Johnson, 25, Developer, San Francisco
Bob Brown, 40, Manager, Chicago
Eve Davis, 22, Intern, Seattle
John Doe, 29, Engineer, New York
Jane Smith, 34, Designer, Los Angeles
Alice Johnson, 25, Developer, San Francisco
Bob Brown, 40, Manager, Chicago
Eve Davis, 22, Intern, Seattle
John Doe, 29, Engineer, New York
Jane Smith, 34, Designer, Los Angeles
Alice Johnson, 25, Developer, San Francisco
Bob Brown, 40, Manager, Chicago
Eve Davis, 22, Intern, Seattle
John Doe, 29, Engineer, New York
Jane Smith, 34, Designer, Los Angeles
Alice Johnson, 25, Developer, San Francisco
Bob Brown, 40, Manager, Chicago
Eve Davis, 22, Intern, Seattle
John Doe, 29, Engineer, New York
Jane Smith, 34, Designer, Los Angeles
Alice Johnson, 25, Developer, San Francisco
Bob Brown, 40, Manager, Chicago
Eve Davis, 22, Intern, Seattle
John Doe, 29, Engineer, New York
Jane Smith, 34, Designer, Los Angeles
Alice Johnson, 25, Developer, San Francisco
Bob Brown, 40, Manager, Chicago
Eve Davis, 22, Intern, Seattle
John Doe, 29, Engineer, New York
Jane Smith, 34, Designer, Los Angeles
Alice Johnson, 25, Developer, San Francisco
Bob Brown, 40, Manager, Chicago
Eve Davis, 22, Intern, Seattle
John Doe, 29, Engineer, New York
Jane Smith, 34, Designer, Los Angeles
Alice Johnson, 25, Developer, San Francisco
Bob Brown, 40, Manager, Chicago
Eve Davis, 22, Intern, Seattle
John Doe, 29, Engineer, New York
Jane Smith, 34, Designer, Los Angeles
Alice Johnson, 25, Developer, San Francisco
Bob Brown, 40, Manager, Chicago
Eve Davis, 22, Intern, Seattle
John Doe, 29, Engineer, New York
Jane Smith, 34, Designer, Los Angeles
Alice Johnson, 25, Developer, San Francisco
Bob Brown, 40, Manager, Chicago
Eve Davis, 22, Intern, Seattle
John Doe, 29, Engineer, New York
Jane Smith, 34, Designer, Los Angeles
Alice Johnson, 25, Developer, San Francisco
Bob Brown, 40, Manager, Chicago
Eve Davis, 22, Intern, Seattle
John Doe, 29, Engineer, New York
Jane Smith, 34, Designer, Los Angeles
Alice Johnson, 25, Developer, San Francisco
Bob Brown, 40, Manager, Chicago
Eve Davis, 22, Intern, Seattle
John Doe, 29, Engineer, New York
Jane Smith, 34, Designer, Los Angeles
Alice Johnson, 25, Developer, San Francisco
Bob Brown, 40, Manager, Chicago
Eve Davis, 22, Intern, Seattle
John Doe, 29, Engineer, New York
Jane Smith, 34, Designer, Los Angeles
Alice Johnson, 25, Developer, San Francisco
Bob Brown, 40, Manager, Chicago
Eve Davis, 22, Intern, Seattle
John Doe, 29, Engineer, New York
Jane Smith, 34, Designer, Los Angeles
Alice Johnson, 25, Developer, San Francisco
Bob Brown, 40, Manager, Chicago
Eve Davis, 22, Intern, Seattle
John Doe, 29, Engineer, New York
Jane Smith, 34, Designer, Los Angeles
Alice Johnson, 25, Developer, San Francisco
Bob Brown, 40, Manager, Chicago
Eve Davis, 22, Intern, Seattle
John Doe, 29, Engineer, New York
Jane Smith, 34, Designer, Los Angeles
Alice Johnson, 25, Developer, San Francisco
Bob Brown, 40, Manager, Chicago
Eve Davis, 22, Intern, Seattle
John Doe, 29, Engineer, New York
Jane Smith, 34, Designer, Los Angeles
Alice Johnson, 25, Developer, San Francisco
Bob Brown, 40, Manager, Chicago
Eve Davis, 22, Intern, Seattle
John Doe, 29, Engineer, New York
Jane Smith, 34, Designer, Los Angeles
Alice Johnson, 25, Developer, San Francisco
Bob Brown, 40, Manager, Chicago
Eve Davis, 22, Intern, Seattle
John Doe, 29, Engineer, New York
Jane Smith, 34, Designer, Los Angeles
Alice Johnson, 25, Developer, San Francisco
Bob Brown, 40, Manager, Chicago
Eve Davis, 22, Intern, Seattle
John Doe, 29, Engineer, New York
Jane Smith, 34, Designer, Los Angeles
Alice Johnson, 25, Developer, San Francisco
Bob Brown, 40, Manager, Chicago
Eve Davis, 22, Intern, Seattle
John Doe, 29, Engineer, New York
Jane Smith, 34, Designer, Los Angeles
Alice Johnson, 25, Developer, San Francisco
Bob Brown, 40, Manager, Chicago
Eve Davis, 22, Intern, Seattle
John Doe, 29, Engineer, New York
Jane Smith, 34, Designer, Los Angeles
Alice Johnson, 25, Developer, San Francisco
Bob Brown, 40, Manager, Chicago
Eve Davis, 22, Intern, Seattle
John Doe, 29, Engineer, New York
Jane Smith, 34, Designer, Los Angeles
Alice Johnson, 25, Developer, San Francisco
Bob Brown, 40, Manager, Chicago
Eve Davis, 22, Intern, Seattle
John Doe, 29, Engineer, New York
Jane Smith, 34, Designer, Los Angeles
Alice Johnson, 25, Developer, San Francisco
Bob Brown, 40, Manager, Chicago
Eve Davis, 22, Intern, Seattle
John Doe, 29, Engineer, New York
Jane Smith, 34, Designer, Los Angeles
Alice Johnson, 25, Developer, San Francisco
Bob Brown, 40, Manager, Chicago
Eve Davis, 22, Intern, Seattle
John Doe, 29, Engineer, New York
Jane Smith, 34, Designer, Los Angeles
Alice Johnson, 25, Developer, San Francisco
Bob Brown, 40, Manager, Chicago
Eve Davis, 22, Intern, Seattle
John Doe, 29, Engineer, New York
Jane Smith, 34, Designer, Los Angeles
Alice Johnson, 25, Developer, San Francisco
Bob Brown, 40, Manager, Chicago
Eve Davis, 22, Intern, Seattle
John Doe, 29, Engineer, New York
Jane Smith, 34, Designer, Los Angeles
Alice Johnson, 25, Developer, San Francisco
Bob Brown, 40, Manager, Chicago
Eve Davis, 22, Intern, Seattle
John Doe, 29, Engineer, New York
Jane Smith, 34, Designer, Los Angeles
Alice Johnson, 25, Developer, San Francisco
Bob Brown, 40, Manager, Chicago
Eve Davis, 22, Intern, Seattle
John Doe, 29, Engineer, New York
Jane Smith, 34, Designer, Los Angeles
Alice Johnson, 25, Developer, San Francisco
Bob Brown, 40, Manager, Chicago
Eve Davis, 22, Intern, Seattle
John Doe, 29, Engineer, New York
Jane Smith, 34, Designer, Los Angeles
Alice Johnson, 25, Developer, San Francisco
Bob Brown, 40, Manager, Chicago
Eve Davis, 22, Intern, Seattle
John Doe, 29, Engineer, New York
Jane Smith, 34, Designer, Los Angeles
Alice Johnson, 25, Developer, San Francisco
Bob Brown, 40, Manager, Chicago
Eve Davis, 22, Intern, Seattle
John Doe, 29, Engineer, New York
Jane Smith, 34, Designer, Los Angeles
Alice Johnson, 25, Developer, San Francisco
Bob Brown, 40, Manager, Chicago
Eve Davis, 22, Intern, Seattle
John Doe, 29, Engineer, New York
Jane Smith, 34, Designer, Los Angeles
Alice Johnson, 25, Developer, San Francisco
Bob Brown, 40, Manager, Chicago
Eve Davis, 22, Intern, Seattle
John Doe, 29, Engineer, New York
Jane Smith, 34, Designer, Los Angeles
Alice Johnson, 25, Developer, San Francisco
Bob Brown, 40, Manager, Chicago
Eve Davis, 22, Intern, Seattle
John Doe, 29, Engineer, New York
Jane Smith, 34, Designer, Los Angeles
Alice Johnson, 25, Developer, San Francisco
Bob Brown, 40, Manager, Chicago
Eve Davis, 22, Intern, Seattle
John Doe, 29, Engineer, New York
Jane Smith, 34, Designer, Los Angeles
Alice Johnson, 25, Developer, San Francisco
Bob Brown, 40, Manager, Chicago
Eve Davis, 22, Intern, Seattle
John Doe, 29, Engineer, New York
Jane Smith, 34, Designer, Los Angeles
Alice Johnson, 25, Developer, San Francisco
Bob Brown, 40, Manager, Chicago
Eve Davis, 22, Intern, Seattle
John Doe, 29, Engineer, New York
Jane Smith, 34, Designer, Los Angeles
Alice Johnson, 25, Developer, San Francisco
Bob Brown, 40, Manager, Chicago
Eve Davis, 22, Intern, Seattle
John Doe, 29, Engineer, New York
Jane Smith, 34, Designer, Los Angeles
Alice Johnson, 25, Developer, San Francisco
Bob Brown, 40, Manager, Chicago
Eve Davis, 22, Intern, Seattle
John Doe, 29, Engineer, New York
Jane Smith, 34, Designer, Los Angeles
Alice Johnson, 25, Developer, San Francisco
Bob Brown, 40, Manager, Chicago
Eve Davis, 22, Intern, Seattle
John Doe, 29, Engineer, New York
Jane Smith, 34, Designer, Los Angeles
Alice Johnson, 25, Developer, San Francisco
Bob Brown, 40, Manager, Chicago
Eve Davis, 22, Intern, Seattle
John Doe, 29, Engineer, New York
Jane Smith, 34, Designer, Los Angeles
Alice Johnson, 25, Developer, San Francisco
Bob Brown, 40, Manager, Chicago
Eve Davis, 22, Intern, Seattle
John Doe, 29, Engineer, New York
Jane Smith, 34, Designer, Los Angeles
Alice Johnson, 25, Developer, San Francisco
Bob Brown, 40, Manager, Chicago
Eve Davis, 22, Intern, Seattle
John Doe, 29, Engineer, New York
Jane Smith, 34, Designer, Los Angeles
Alice Johnson, 25, Developer, San Francisco
Bob Brown, 40, Manager, Chicago
Eve Davis, 22, Intern, Seattle
John Doe, 29, Engineer, New York
Jane Smith, 34, Designer, Los Angeles
Alice Johnson, 25, Developer, San Francisco
Bob Brown, 40, Manager, Chicago
Eve Davis, 22, Intern, Seattle
John Doe, 29, Engineer, New York
Jane Smith, 34, Designer, Los Angeles
Alice Johnson, 25, Developer, San Francisco
Bob Brown, 40, Manager, Chicago
Eve Davis, 22, Intern, Seattle
John Doe, 29, Engineer, New York
Jane Smith, 34, Designer, Los Angeles
Alice Johnson, 25, Developer, San Francisco
Bob Brown, 40, Manager, Chicago
Eve Davis, 22, Intern, Seattle
John Doe, 29, Engineer, New York
Jane Smith, 34, Designer, Los Angeles
Alice Johnson, 25, Developer, San Francisco
Bob Brown, 40, Manager, Chicago
Eve Davis, 22, Intern, Seattle
John Doe, 29, Engineer, New York
Jane Smith, 34, Designer, Los Angeles
Alice Johnson, 25, Developer, San Francisco
Bob Brown, 40, Manager, Chicago
Eve Davis, 22, Intern, Seattle
John Doe, 29, Engineer, New York
Jane Smith, 34, Designer, Los Angeles
Alice Johnson, 25, Developer, San Francisco
Bob Brown, 40, Manager, Chicago
Eve Davis, 22, Intern, Seattle
John Doe, 29, Engineer, New York
Jane Smith, 34, Designer, Los Angeles
Alice Johnson, 25, Developer, San Francisco
Bob Brown, 40, Manager, Chicago
Eve Davis, 22, Intern, Seattle
John Doe, 29, Engineer, New York
Jane Smith, 34, Designer, Los Angeles
Alice Johnson, 25, Developer, San Francisco
Bob Brown, 40, Manager, Chicago
Eve Davis, 22, Intern, Seattle
John Doe, 29, Engineer, New York
Jane Smith, 34, Designer, Los Angeles
Alice Johnson, 25, Developer, San Francisco
Bob Brown, 40, Manager, Chicago
Eve Davis, 22, Intern, Seattle
John Doe, 29, Engineer, New York
Jane Smith, 34, Designer, Los Angeles
Alice Johnson, 25, Developer, San Francisco
Bob Brown, 40, Manager, Chicago
Eve Davis, 22, Intern, Seattle
John Doe, 29, Engineer, New York
Jane Smith, 34, Designer, Los Angeles
Alice Johnson, 25, Developer, San Francisco
Bob Brown, 40, Manager, Chicago
Eve Davis, 22, Intern, Seattle
John Doe, 29, Engineer, New York
Jane Smith, 34, Designer, Los Angeles
Alice Johnson, 25, Developer, San Francisco
Bob Brown, 40, Manager, Chicago
Eve Davis, 22, Intern, Seattle
John Doe, 29, Engineer, New York
Jane Smith, 34, Designer, Los Angeles
Alice Johnson, 25, Developer, San Francisco
Bob Brown, 40, Manager, Chicago
Eve Davis, 22, Intern, Seattle
John Doe, 29, Engineer, New York
Jane Smith, 34, Designer, Los Angeles
Alice Johnson, 25, Developer, San Francisco
Bob Brown, 40, Manager, Chicago
Eve Davis, 22, Intern, Seattle
John Doe, 29, Engineer, New York
Jane Smith, 34, Designer, Los Angeles
Alice Johnson, 25, Developer, San Francisco
Bob Brown, 40, Manager, Chicago
Eve Davis, 22, Intern, Seattle
John Doe, 29, Engineer, New York
Jane Smith, 34, Designer, Los Angeles
Alice Johnson, 25, Developer, San Francisco
Bob Brown, 40, Manager, Chicago
Eve Davis, 22, Intern, Seattle
John Doe, 29, Engineer, New York
Jane Smith, 34, Designer, Los Angeles
Alice Johnson, 25, Developer, San Francisco
Bob Brown, 40, Manager, Chicago
Eve Davis, 22, Intern, Seattle
John Doe, 29, Engineer, New York
Jane Smith, 34, Designer, Los Angeles
Alice Johnson, 25, Developer, San Francisco
Bob Brown, 40, Manager, Chicago
Eve Davis, 22, Intern, Seattle
John Doe, 29, Engineer, New York
Jane Smith, 34, Designer, Los Angeles
Alice Johnson, 25, Developer, San Francisco
Bob Brown, 40, Manager, Chicago
Eve Davis, 22, Intern, Seattle
John Doe, 29, Engineer, New York
Jane Smith, 34, Designer, Los Angeles
Alice Johnson, 25, Developer, San Francisco
Bob Brown, 40, Manager, Chicago
Eve Davis, 22, Intern, Seattle
John Doe, 29, Engineer, New York
Jane Smith, 34, Designer, Los Angeles
Alice Johnson, 25, Developer, San Francisco
Bob Brown, 40, Manager, Chicago
Eve Davis, 22, Intern, Seattle
John Doe, 29, Engineer, New York
Jane Smith, 34, Designer, Los Angeles
Alice Johnson, 25, Developer, San Francisco
Bob Brown, 40, Manager, Chicago
Eve Davis, 22, Intern, Seattle
John Doe, 29, Engineer, New York
Jane Smith, 34, Designer, Los Angeles
Alice Johnson, 25, Developer, San Francisco
Bob Brown, 40, Manager, Chicago
Eve Davis, 22, Intern, Seattle
John Doe, 29, Engineer, New York
Jane Smith, 34, Designer, Los Angeles
Alice Johnson, 25, Developer, San Francisco
Bob Brown, 40, Manager, Chicago
Eve Davis, 22, Intern, Seattle